{
    "accuracy": 0.6146469840885715,
    "f1": 0.6169367808193553,
    "precision": 0.6278561200629498,
    "recall": 0.6146469840885715
}