{
    "accuracy": 0.6449170145401012,
    "f1": 0.6473454538333896,
    "precision": 0.6599287020355854,
    "recall": 0.6449170145401012
}